time_s,measured_value
0,-1.5352
0.10056,-1.5242
0.20045,-1.5252
0.30054,-1.5321
0.39927,-1.5356
0.49973,-1.5411
0.60134,-1.5307
0.70016,-1.538
0.79991,-1.5412
0.90049,-1.5426
1.00006,-1.5354
1.10065,-1.5491
1.19946,-1.537
1.30125,-1.5396
1.40044,-1.5493
1.4997,-1.544
1.60073,-1.5287
1.70121,-1.5245
1.80134,-1.519
1.90045,-1.5209
2.00039,-1.5328
2.10105,-1.5154
2.20033,-1.5184
2.3002,-1.5154
2.40033,-1.5197
2.50014,-1.5232
2.60126,-1.5147
2.7011,-1.5227
2.80067,-1.5136
2.9009,-1.5201
3.00066,-1.5232
3.09991,-1.5215
3.19997,-1.527
3.30003,-1.5365
3.40074,-1.5304
3.49982,-1.5388
3.59942,-1.5361
3.70129,-1.5318
3.80031,-1.5378
3.90065,-1.5406
4.00034,-1.536
4.10033,-1.5416
4.20048,-1.5388
4.30052,-1.5419
4.4009,-1.5394
4.49963,-1.5391
4.6009,-1.5397
4.70082,-1.5425
4.80015,-1.5387
4.90021,-1.5448
5.00023,-1.5548
5.10094,-1.5056
5.2005,-1.5379
5.30026,-1.5562
5.40103,-1.5778
5.50107,-1.5863
5.601,-1.4919
5.70119,-1.4699
5.79997,-1.478
5.90025,-1.4792
6.00079,-1.5094
6.10023,-1.4639
6.20094,-1.4364
6.29951,-1.4264
6.40047,-1.4586
6.50044,-1.452
6.60011,-1.5096
6.70081,-1.5833
6.80015,-1.6899
6.90075,-1.6574
6.99937,-1.5972
7.10087,-1.6318
7.20085,-1.7711
7.30014,-1.6334
7.39957,-1.3668
7.50029,-1.385
7.59963,-1.4435
7.7,-1.6169
7.80005,-1.5754
7.89959,-1.4961
8.0005,-0.2835
8.09952,2.271
8.20126,1.2258
8.30009,1.4279
8.40114,1.1296
8.49931,0.1834
8.60121,-0.8175
8.70051,-0.4834
8.80015,0.472
8.90075,1.0689
9.00044,0.4584
9.10046,0.818
9.20108,0.8026
9.30101,1.1492
9.40095,1.4844
9.50011,1.434
9.60009,0.1611
9.70036,-3.9673
9.80113,-3.7491
9.90065,0.526
10.00101,1.6613
10.09957,1.6514
10.20027,2.1681
10.30021,4.6334
10.40025,4.8625
10.49976,25.7652
10.60025,18.9925
10.70001,19.0515
10.79982,19.4914
10.90017,19.6326
11.00064,12.3607
11.10073,9.4449
11.20124,8.7956
11.30119,9.5565
11.40063,9.581
11.49962,9.5834
11.60123,9.2544
11.69952,8.9019
11.8005,8.6251
11.90045,8.4778
11.99948,8.5802
12.09961,8.4902
12.20121,8.1248
12.29995,8.3206
12.40002,8.4853
12.50105,8.378
12.59999,8.0616
12.70012,8.2238
12.80079,8.7081
12.8997,8.5631
12.99979,8.2107
13.10095,8.1056
13.19984,8.1687
13.29983,8.078
13.40092,7.9125
13.50053,8.064
13.59951,7.7742
13.69991,7.3564
13.80061,7.68
13.90133,7.3211
14.00004,7.379
14.10072,7.3469
14.19943,8.1286
14.30053,7.0991
14.40036,5.7539
14.50064,5.6551
14.59994,4.9673
14.70003,6.408
14.79965,6.9912
14.90057,8.4039
15.0007,9.2077
15.09953,10.0614
15.2009,6.5991
15.29958,4.2224
15.40009,3.2005
15.50058,2.6988
15.60034,4.2782
15.70001,5.6932
15.80112,7.7998
15.89946,10.6635
15.99978,11.7911
16.10034,11.7748
16.19946,19.165
16.29989,6.2105
16.40062,4.7557
16.50029,6.0502
16.60118,9.1069
16.69939,13.3366
16.79988,18.9738
16.90109,22.7885
17.00087,24.2891
17.10092,19.6725
17.20094,4.9992
17.29958,1.5823
17.39974,1.0808
17.49981,3.288
17.60085,1.7341
17.70118,-0.059
17.80109,1.5886
17.90101,1.2269
18.00067,-0.7715
18.10049,4.0669
18.20121,2.4306
18.30116,3.4793
18.4002,2.8314
18.50023,0.5481
18.60128,-0.3568
18.70033,0.1242
18.80043,1.1649
18.90045,5.1075
18.99959,7.069
19.09993,8.6895
19.19941,8.8408
19.30041,7.6173
19.39979,5.8898
19.49958,4.505
19.60124,3.4189
19.70033,2.3421
19.80007,1.7749
19.9002,4.4553
20.0013,5.6996
20.09991,8.0787
20.19954,7.0167
20.30041,6.3951
20.40078,6.2097
20.50007,5.4107
20.6011,3.042
20.70073,4.1586
20.7993,4.9102
20.89991,5.8126
21.00097,5.2717
21.10103,5.3827
21.19987,5.9239
21.29945,4.9723
21.40099,4.3977
21.50008,1.8917
21.60127,3.25
21.70023,2.5826
21.80011,2.7775
21.90086,4.226
21.99961,4.3107
22.10124,3.842
22.20026,4.1188
22.30072,3.6475
22.39976,3.1992
22.50088,3.4293
22.60121,2.9069
22.70028,2.5834
22.80092,3.2317
22.90129,3.4788
23.00117,2.9957
23.10003,3.0234
23.20108,2.2645
23.3007,1.1627
23.39977,0.9218
23.50113,3.1944
23.60112,6.2382
23.70058,4.802
23.8012,5.1983
23.90014,3.6328
23.99934,2.3954
24.09973,2.0275
24.20011,5.2124
24.3003,5.9764
24.40137,5.3409
24.50053,4.697
24.59943,7.1628
24.69946,6.6875
24.80128,6.1621
24.90009,6.383
24.99965,7.4063
25.10035,5.5534
25.20036,4.6561
25.30132,3.6341
25.4013,6.1146
25.50013,5.664
25.59974,6.8167
25.69994,7.074
25.79999,7.4769
25.90035,6.1251
25.99945,2.7369
26.10041,5.8412
26.20065,10.782
26.30028,7.2378
26.39933,7.0741
26.50099,3.867
26.59978,1.1857
26.69978,3.3223
26.79957,-0.4212
26.89938,4.3925
26.99957,4.4088
27.09943,5.3062
27.20125,6.5763
27.29954,4.3009
27.40089,1.5833
27.5004,1.4747
27.60081,-0.1593
27.70058,4.1847
27.80035,8.2011
27.8999,6.4965
28.00022,6.217
28.10113,3.7233
28.20054,3.9288
28.29954,2.4329
28.40016,5.0186
28.49973,8.6888
28.59996,5.9206
28.70031,5.792
28.80066,5.8989
28.89943,5.9202
29.001,6.1833
29.1,4.7921
29.19957,2.2031
29.30126,4.4087
29.40018,10.4805
29.50125,6.4877
29.59995,6.4477
29.6996,3.6836
29.80104,3.6739
29.90073,4.4267
30.00101,4.1915
30.10114,6.9787
30.19989,9.2179
30.30007,6.2152
30.40021,6.2503
30.50101,4.3495
30.60106,4.0423
30.70034,3.9995
30.80077,2.6043
30.90005,4.058
31.00004,1.5373
31.10046,4.08
31.20007,3.147
31.29983,1.6139
31.40102,1.8945
31.50013,1.0449
31.60131,2.5444
31.70019,4.377
31.7996,2.983
31.89965,4.2551
32.00086,4.6279
32.10115,2.6131
32.20108,2.9008
32.29948,3.2514
32.40004,3.5514
32.49996,8.6863
32.60041,9.2412
32.69944,10.8468
32.80125,9.7178
32.90078,6.0702
33.00055,3.3031
33.09988,5.2071
33.19969,9.6206
33.29979,9.7783
33.40043,6.1099
33.49963,7.7817
33.59974,5.2884
33.69965,4.8472
33.80103,0.9847
33.9005,4.0901
33.99975,10.2955
34.10009,6.6499
34.20088,7.1896
34.30013,3.0437
34.39991,1.6175
34.49962,1.0144
34.5997,1.6261
34.7003,5.013
34.80017,2.43
34.9006,5.5073
35.00013,4.0615
35.10061,2.4365
35.2002,2.7715
35.30029,3.8295
35.40014,7.7725
35.50072,5.4486
35.59947,5.2727
35.7012,6.1108
35.79978,6.9575
35.89988,6.0303
35.99945,3.7972
36.09962,9.6192
36.20035,12.4731
36.30066,10.5414
36.40057,7.3439
36.49979,5.9228
36.59982,7.6728
36.70109,7.357
36.79976,8.5597
36.90018,7.5467
37.00029,8.7754
37.10135,6.3382
37.20046,5.7708
37.30116,6.6671
37.3997,6.7441
37.50068,6.1883
37.60134,3.6312
37.70132,3.6789
37.79972,1.8251
37.90023,2.9634
37.99982,4.8041
38.09953,3.8553
38.20041,5.6142
38.30063,3.6005
38.40071,4.5458
38.50036,3.8922
38.60059,2.3174
38.69975,3.1855
38.7999,4.3083
38.90061,5.7105
39.0002,3.8274
39.1002,2.8542
39.1999,2.9081
39.29973,1.4631
39.40103,3.9648
39.50058,0.21
39.59929,5.0872
39.70015,9.1535
39.80035,5.1973
39.89941,3.742
40.00079,3.3203
40.10013,2.6199
40.20009,5.3859
40.30077,2.1911
40.40066,1.6811
40.50134,3.4135
40.60011,1.6415
40.69951,2.9449
40.79993,1.8466
40.8999,0.3597
41.00048,1.5818
41.10055,2.8101
41.20053,4.5004
41.30021,2.8549
41.40115,1.933
41.50138,0.7711
41.60064,0.7775
41.70105,0.4791
41.79963,-0.2142
41.90128,5.9736
42.00071,1.2316
42.09956,1.2944
42.20123,1.4979
42.2997,0.9746
42.39941,1.5859
42.49984,1.2618
42.60077,2.7544
42.70074,1.9883
42.79946,1.5416
42.90044,1.3738
42.99957,0.4064
43.10133,0.7166
43.19978,0.9355
43.29939,1.3189
43.4008,2.8433
43.50113,2.616
43.60099,1.5034
43.69967,-0.7379
43.80002,0.2727
43.89993,1.2407
43.99979,3.3513
44.10057,4.0634
44.20026,0.8121
44.30062,3.2621
44.39969,1.9348
44.5,2.9074
44.60061,4.7428
44.69996,5.8856
44.7997,8.793
44.90025,6.5302
45.00011,4.4143
45.09942,1.7373
45.19971,3.1194
45.29987,4.6272
45.39959,5.9634
45.49934,3.1783
45.59985,1.9075
45.70077,3.2102
45.80003,4.2901
45.90066,13.8084
46.00039,4.7238
46.10027,5.4947
46.201,4.461
46.30028,5.4985
46.39933,7.5802
46.50051,4.1397
46.60058,3.3892
46.70052,3.4255
46.79991,3.0528
46.89964,-0.7588
47.00064,0.6378
47.10043,-0.4216
47.20082,1.227
47.2993,4.1297
47.40117,0.7011
47.49969,0.4755
47.6,-0.2836
47.70015,-0.0167
47.8003,-0.6606
47.90059,-0.8962
48.00042,0.9689
48.10073,1.6846
48.19979,1.9196
48.29935,0.1741
48.39967,0.593
48.50037,-0.7391
48.60033,-0.694
48.7009,-1.3006
48.80006,0.8614
48.89957,4.2542
49.00132,1.0953
49.1012,1.479
49.2006,-0.2926
49.30133,-0.1985
49.39933,-0.396
49.49959,0.6413
49.60098,2.5077
49.70018,8.4541
49.80008,3.3657
49.89964,0.6258
50.00054,-0.4921
50.10093,-0.2341
50.1996,1.4729
50.30034,2.3351
50.39985,2.6179
50.50043,8.9079
50.60048,8.4824
50.7007,5.8238
50.8007,5.2729
50.89935,3.1081
51.00093,5.0267
51.09946,6.8994
51.19959,5.0586
51.29972,8.1719
51.39938,4.0616
51.49944,4.1262
51.59948,3.7563
51.69955,3.8051
51.79984,7.1007
51.90124,4.1983
51.99949,2.8564
52.10109,3.4907
52.20103,7.0308
52.30097,7.7089
52.40078,5.8395
52.50064,-0.7963
52.60094,0.7801
52.70129,1.9785
52.80111,3.9655
52.90035,3.3388
52.99942,10.7381
53.09961,3.3567
53.20029,4.0677
53.29961,4.1501
53.39967,1.9817
53.50044,0.23
53.59998,-0.9557
53.70101,1.6965
53.79982,1.9277
53.90104,4.692
54.00058,3.0049
54.09956,3.6361
54.20104,2.0951
54.30031,1.3457
54.40115,1.9389
54.50031,-0.5152
54.60079,3.8784
54.69999,7.3531
54.79931,3.0901
54.89965,1.4431
54.99976,-1.364
55.10131,0.5922
55.20049,-0.3779
55.30117,-1.5165
55.40089,-1.5173
55.50064,-1.5314
55.5998,-1.5565
55.69951,-0.8137
55.7993,1.9665
55.90062,3.3494
55.99936,2.4687
56.10059,1.1104
56.20108,-0.6653
56.2996,-0.1527
56.3998,-0.6271
56.49928,1.2274
56.60044,-1.0681
56.70036,6.2962
56.80005,6.2605
56.90086,6.6244
57.00074,4.1703
57.10129,4.0063
57.20035,5.4498
57.30027,6.5887
57.40018,5.2442
57.50095,3.5656
57.5999,7.5851
57.70072,12.7716
57.79944,12.5289
57.9005,12.1482
58.00134,8.2688
58.09936,4.9373
58.19973,3.2038
58.30054,4.3316
58.40044,5.533
58.49971,8.4921
58.60017,6.0751
58.70086,5.3256
58.80058,5.8393
58.89933,3.8319
58.99969,3.4141
59.10056,4.9012
59.19976,3.2881
59.30072,5.3577
59.40133,8.2695
59.50031,6.2461
59.60087,5.7875
59.70058,5.6115
59.79937,1.3751
59.90047,0.978
60.00075,-1.0291
60.09986,-1.4807
60.20066,-1.2387
60.30087,3.684
60.40025,2.9319
60.50092,3.323
60.5994,1.4557
60.69966,-0.8316
60.79964,0.3019
60.90047,-1.38
60.99981,-0.2765
61.10089,4.8369
61.20016,1.5617
61.29958,2.2223
61.39931,3.8353
61.50035,1.7045
61.59964,2.0626
61.70076,-0.7615
61.80093,1.9548
61.89997,1.7004
62.00087,1.7395
62.10099,1.6395
62.19973,1.7035
62.29937,1.9754
62.39999,2.1346
62.49993,2.0874
62.59959,1.9072
62.70058,1.7866
62.79977,1.9606
62.90052,1.5226
63.00002,0.3907
63.09935,0.8711
63.19989,0.9847
63.29937,1.3037
63.39959,2.0985
63.50029,1.5204
63.5993,2.1276
63.69986,1.6945
63.80069,1.4215
63.89933,1.3242
64.00056,1.3932
64.10088,1.2763
64.20027,1.1722
64.29932,1.2004
64.40067,1.1447
64.50085,1.1613
64.60021,0.6996
64.70127,0.7624
64.80069,0.9664
64.9006,0.6617
64.9995,-0.9253
65.10048,5.7216
65.19991,7.7026
65.29968,4.6152
65.39981,4.0178
65.5008,4.3741
65.60108,1.6319
65.69942,2.2913
65.80044,5.0351
65.90005,6.854
66.00034,6.2708
66.10049,5.8043
66.20073,4.634
66.2997,2.8381
66.40004,2.1636
66.5,4.5556
66.59945,7.4387
66.70055,7.2535
66.80047,6.221
66.90057,4.3374
66.9995,4.1893
67.10065,4.6713
67.19991,3.6063
67.29948,3.5511
67.39941,4.0267
67.50079,3.4471
67.60022,3.5326
67.70073,2.9204
67.7998,1.0886
67.89978,1.0967
67.99991,1.2049
68.10062,1.2824
68.20026,2.9259
68.29959,3.3453
68.40112,2.2196
68.49932,2.2558
68.60072,2.1431
68.70068,0.6844
68.79957,2.5233
68.89981,2.3338
69.0006,4.7304
69.0995,2.2665
69.19971,1.5694
69.30091,13.7534
69.40065,8.1496
69.50045,0.8043
69.59995,4.3371
69.70088,3.0881
69.80056,3.2648
69.89948,5.9744
70.00056,7.8875
70.09928,13.3794
70.20032,8.6376
70.29979,3.9052
70.39947,1.1888
70.49956,-0.9677
70.59978,-0.8462
70.70049,1.0241
70.79992,1.9186
70.89944,4.5292
71.00105,3.9535
71.10026,0.5375
71.19991,-0.1851
71.30031,-1.2478
71.39968,-0.2278
71.49965,2.2313
71.59977,2.5107
71.69968,0.9911
71.80033,6.7342
71.8997,7.1368
71.99986,9.7427
72.10074,3.6769
72.19966,3.1886
72.30029,-0.7611
72.39971,-1.0591
72.50004,-0.345
72.60057,-0.4208
72.7001,0.3342
72.79948,0.4029
72.89956,0.3865
72.99957,0.4093
73.10108,0.4781
73.19938,0.498
73.29989,0.4673
73.40121,0.5156
73.4998,0.5544
73.59964,0.5499
73.70004,0.5674
73.8004,0.5607
73.90059,0.5963
73.99957,0.5932
74.09947,0.5788
74.19928,0.5836
74.29958,0.614
74.40029,0.6748
74.49985,0.7034
74.60007,0.7705
74.69984,0.7564
74.8008,0.6907
74.90037,0.7084
74.99982,0.6565
75.10037,0.5702
75.20082,0.5084
75.30064,0.4757
75.39958,0.5061
75.49952,0.4788
75.59955,0.4919
75.70056,0.5447
75.80052,0.4978
75.90002,0.5114
75.99959,0.2142
76.10114,0.3239
76.2002,0.3879
76.30063,0.7134
76.39977,0.6283
76.5005,0.3792
76.59975,0.6643
76.69951,0.1809
76.79939,0.3336
76.89958,0.3428
76.99978,0.3953
77.09987,0.2943
77.1996,-0.1798
77.30122,0.1521
77.40021,0.2636
77.50098,0.8154
77.60047,0.6313
77.69967,0.4323
77.80051,0.3385
77.90091,-0.0708
78.00015,-0.4985
78.09959,-0.9715
78.19981,-0.0098
78.29957,0.3202
78.40013,0.1888
78.49937,0.0494
78.5999,0.2755
78.69984,0.3613
78.79939,0.2391
78.9006,1.2356
78.99964,0.5911
79.10114,0.3198
79.20049,0.2942
79.29929,-0.2466
79.40099,-0.1352
79.49994,-0.3201
79.59963,-0.4053
79.69968,0.0235
79.79953,0.0306
79.90066,0.0918
79.99967,0.0731
80.10028,0.0731
80.20095,0.0702
80.3007,0.0801
80.40116,0.0779
80.49938,0.1747
80.5993,0.2495
80.70011,0.2905
80.80137,0.1552
80.89957,0.1954
80.99943,0.2454
81.10109,0.3019
81.20126,0.2296
81.2993,0.1351
81.39957,-0.0047
81.5005,0.0258
81.6003,0.0606
81.70061,0.0299
81.79956,-0.1806
81.90053,-0.1105
82.00031,-0.167
82.1012,-0.1512
82.20052,-0.1553
82.30062,-0.1798
82.40028,-0.1962
82.49985,-0.164
82.60014,-0.151
82.69944,-0.1468
82.80022,-0.1546
82.89984,-0.1711
83.00027,-0.1484
83.10012,-0.1403
83.19997,-0.0925
83.29967,-0.0496
83.40001,-0.1043
83.50072,-0.1541
83.59962,-0.178
83.69984,-0.1658
83.80114,-0.1439
83.90112,-0.1834
83.99986,-0.1616
84.09986,-0.1337
84.19965,-0.0999
84.30119,-0.0425
84.40028,-0.1652
84.49979,-0.1465
84.6002,0.0648
84.70103,0.244
84.80041,0.1361
84.9009,0.2307
85.00018,0.2004
85.10125,0.1875
85.20034,0.289
85.2994,0.3841
85.39925,0.4412
85.50082,0.9173
85.60037,0.7621
85.69994,0.688
85.7999,0.5264
85.89977,0.6413
86.00006,0.7893
86.09968,0.2626
86.19956,0.2657
86.29984,0.3099
86.39982,0.2353
86.50033,1.6159
86.6005,2.0432
86.70132,3.486
86.79977,3.8018
86.89948,4.8384
87.00077,1.9281
87.09966,2.7917
87.19955,0.7736
87.30096,0.6719
87.40057,2.7766
87.49966,3.2154
87.60123,5.381
87.69979,6.5173
87.79933,8.01
87.90096,6.7203
87.99931,6.2852
88.10098,3.5776
88.20047,2.2
88.30133,3.2104
88.39968,3.3258
88.50118,2.7976
88.60036,3.5273
88.69976,5.4181
88.80131,4.4605
88.90013,4.3419
88.99963,2.9054
89.10124,1.1144
89.19975,-0.0494
89.29957,0.0077
89.40054,2.7127
89.50117,5.8803
89.59992,8.1193
89.70063,8.3433
89.80113,7.5836
89.90057,1.7776
89.99966,1.5977
90.09991,2.6384
90.20067,2.8643
90.30054,2.6404
90.40051,3.5491
90.49966,1.4255
90.59979,4.6124
90.69929,5.1698
90.80019,6.0035
90.90059,4.576
90.9995,0.3719
91.10043,0.6475
91.1997,1.3574
91.30028,2.1058
91.39998,6.2174
91.50083,10.2672
91.60067,8.5473
91.69988,2.303
91.80132,0.5459
91.8995,-0.3642
92.00105,-0.4288
92.09927,-0.2584
92.20075,0.4765
92.29956,2.1836
92.40105,5.1966
92.50063,9.5742
92.60015,7.9079
92.69968,1.1558
92.79946,0.8018
92.90083,0.1577
93.00072,0.4229
93.09972,1.5581
93.20004,3.577
93.29987,5.774
93.39961,4.4403
93.50002,3.0815
93.6008,1.575
93.69994,2.5298
93.79974,4.035
93.90089,-0.0893
93.99954,0.7301
94.09963,-0.0229
94.19991,2.6005
94.29969,5.2737
94.40056,5.6838
94.50084,3.3983
94.6002,2.3971
94.70129,1.498
94.80057,2.7152
94.89935,2.7453
95.00062,4.9336
95.1006,8.3357
95.20074,8.8196
95.30032,5.6655
95.40005,3.8488
95.50072,0.006
95.60016,-1.764
95.6996,-1.5052
95.80024,0.3127
95.89977,2.4583
96.00071,3.5739
96.10075,2.325
96.19984,0.6737
96.30061,-1.6789
96.40052,-1.6352
96.49972,-1.7058
96.59976,-1.6598
96.70039,-1.0064
96.80073,-1.1942
96.89965,-1.0473
97.00019,-0.2215
97.09959,-0.7191
97.20126,-0.8076
97.30024,-0.4518
97.39997,0.173
97.4996,2.0649
97.60048,3.7958
97.70052,4.5394
97.79953,1.2174
97.90122,1.202
98.00097,1.0408
98.10023,1.1958
98.20131,2.3226
98.29952,5.6993
98.3997,8.7512
98.50031,6.3172
98.59961,2.4121
98.70071,1.8961
98.79948,1.2653
98.90059,0.8957
99.00085,3.1269
99.09953,6.6771
99.19975,5.1462
99.30068,1.3101
99.40099,-0.6343
99.49982,-0.7575
99.60069,-0.6261
99.70076,-0.1994
99.80002,-0.7327
99.89957,-0.632
100.0009,-1.7862
100.0999,-1.2378
100.1998,-1.2506
100.2993,-1.2217
100.4007,-0.9628
100.4995,-0.8693
100.5998,-0.2994
100.7007,0.561
100.7996,-0.8563
100.9008,-1.0166
101,-1.0846
101.1012,-0.9283
101.1994,1.9508
101.3011,2.9244
101.3996,3.5465
101.5002,2.0522
101.5997,2.8342
101.6997,2.2357
101.8008,2.572
101.9005,3.5159
101.9998,2.4988
102.0997,2.8555
102.2007,-0.4814
102.3009,-0.4784
102.4006,-0.6112
102.4995,-0.8325
102.5998,0.1242
102.7003,0.8133
102.7995,2.3128
102.9012,1.7209
102.9998,0.5952
103.0998,0.8652
103.1996,0.6244
103.3007,4.4334
103.401,7.4911
103.4999,8.9851
103.6011,10.6808
103.6999,6.4353
103.8006,4.9121
103.9004,2.3115
103.9997,2.9671
104.0996,7.1057
104.2002,8.2726
104.3009,8.0672
104.3995,11.5939
104.5003,8.9902
104.6007,3.9617
104.6996,2.4383
104.7997,2.1421
104.8996,1.5509
105.0009,1.8803
105.1003,4.4884
105.2007,3.9748
105.3006,2.9115
105.4004,0.7929
105.5013,-0.4188
105.5994,-0.6899
105.7006,-0.962
105.8013,-0.8202
105.8995,-0.6816
106.0006,-0.5787
106.1008,-0.9985
106.1995,-1.1734
106.2994,-1.6718
106.4005,-1.3448
106.4996,-0.7512
106.6006,1.0553
106.7003,1.3641
106.7996,-0.4951
106.9011,-1.029
107.0006,-0.9862
107.0998,-1.0571
107.2007,0.2517
107.3012,0.3275
107.3998,1.1526
107.5003,0.731
107.6,3.0777
107.7003,1.2272
107.7994,2.7592
107.9,3.6213
108.0005,3.3931
108.0997,1.9459
108.2005,3.8281
108.3,6.2549
108.4006,6.9051
108.5004,3.0076
108.6007,2.0696
108.7003,1.1153
108.7995,2.8309
108.9008,2.3563
109,2.7529
109.1,3.607
109.1995,5.3514
109.3004,4.1183
109.401,1.595
109.5013,0.4041
109.6001,-0.8491
109.7009,-0.1702
109.8002,2.2192
109.9005,3.531
110.0004,1.0908
110.1,-1.1151
110.2004,-1.328
110.2999,-1.0115
110.4006,0.5892
110.4997,1.0051
110.6009,3.799
110.7,7.1573
110.7993,6.3663
110.8997,-0.5362
111.0002,4.8502
111.0994,2.5572
111.2008,2.4833
111.2994,1.8275
111.3998,1.6413
111.4994,1.3954
111.5996,2.5846
111.6994,5.0397
111.8007,2.4497
111.9004,4.7958
111.9997,4.4411
112.0996,1.2605
112.2005,-0.9684
112.2995,0.5283
112.3998,1.7432
112.5002,5.6717
112.5999,2.1805
112.6995,0.6089
112.7998,-0.7217
112.8996,0.3966
112.9999,1.1643
113.1001,1.5736
113.1997,4.2624
113.2993,5.284
113.3993,1.9266
113.5011,0.4609
113.6007,0.4095
113.6996,0.952
113.7997,2.1445
113.8998,3.4273
113.9996,4.9399
114.1006,1.0815
114.2011,1.6509
114.3005,1.9738
114.3993,2.7729
114.501,3.1417
114.5998,2.6227
114.6995,3.0215
114.8004,5.8058
114.9012,4.562
115.0004,7.9805
115.0997,3.2524
115.2,4.0051
115.2998,5.3804
115.4006,2.4817
115.4993,-0.4364
115.6009,-1.7454
115.7006,-1.7008
115.8003,-1.5558
115.8995,-1.7024
116.0009,-1.1314
116.1001,-0.6718
116.2004,-0.9823
116.2993,-1.3092
116.401,-1.1626
116.5,-1.1548
116.5995,-0.4049
116.7005,-0.3833
116.7999,-1.6997
116.9001,-1.7014
116.9995,-1.7025
117.1005,-1.6853
117.2006,-1.5694
117.3002,-1.7145
117.3996,-1.7356
117.5012,-0.6246
117.5997,0.1311
117.7007,0.0054
117.8003,0.0817
117.8999,-0.0074
117.9997,-0.0088
118.1012,0.6717
118.1997,0.1751
118.2994,-0.9105
118.4001,-0.3079
118.4998,-0.4971
118.6005,-0.7675
118.6998,-1.2895
118.8009,-1.1255
118.8997,-1.6622
119,-1.1926
119.1006,1.6093
119.201,2.4337
119.3002,4.0807
119.4004,5.3923
119.5,3.5648
119.6013,2.5533
119.7002,4.5361
119.7994,8.167
119.9005,2.2553
120.0004,11.7677
120.0998,9.7214
120.2005,11.1464
120.3005,12.3201
120.4005,9.9491
120.5005,14.3711
120.6001,13.8946
120.6996,14.3222
120.8012,12.4851
120.8999,13.0253
120.9995,11.2841
121.0996,8.9989
121.2007,7.9757
121.2998,9.4572
121.3995,9.7041
121.4994,11.5503
121.5998,13.0663
121.7009,13.0672
121.7993,9.7945
121.9005,7.1585
122.0003,7.1303
122.101,8.3575
122.2007,9.3927
122.2995,12.6473
122.3998,13.2731
122.5005,13.2255
122.5993,10.6592
122.6996,8.6066
122.7995,8.2078
122.8995,10.5356
123.0004,12.4331
123.1001,13.0068
123.2004,13.9578
123.2995,15.411
123.3996,16.0003
123.4997,12.123
123.6006,8.6341
123.7005,7.3573
123.8001,8.6821
123.8997,11.6589
123.9995,14.366
124.1004,16.0758
124.1997,15.1057
124.3,12.2677
124.3997,8.7742
124.5002,7.4003
124.5996,6.3463
124.7005,6.1036
124.7997,6.6318
124.8999,7.7207
125.0001,10.0914
125.1012,9.6796
125.2006,8.2616
125.3,7.0331
125.3996,5.4842
125.4995,4.158
125.5999,4.019
125.7013,6.8655
125.8006,2.4123
125.9004,1.3675
126.0013,-1.6203
126.0995,-1.7728
126.2009,-1.8237
126.3008,2.5264
126.4005,2.6377
126.5009,4.9124
126.5995,5.5532
126.7007,9.4845
126.8008,22.1603
126.9003,8.0413
127.0013,6.6439
127.0998,8.8867
127.2003,6.6707
127.3001,4.9295
127.401,3.9
127.5,3.7095
127.6004,4.8884
127.6996,5.1863
127.8008,8.305
127.9004,5.1357
128.0005,7.0489
128.1005,6.562
128.2001,5.3895
128.2998,5.3561
128.4004,3.2788
128.4997,4.3304
128.5995,3.4823
128.6996,6.4181
128.8011,8.2173
128.8997,6.4248
129.0007,3.7805
129.0995,1.6301
129.2006,1.0331
129.3,2.4301
129.3999,2.2818
129.5006,1.9157
129.5993,2.9062
129.6997,0.7994
129.7995,1.3145
129.8999,2.2538
130.0001,1.0865
130.0997,0.4179
130.201,2.4551
130.3004,2.3529
130.4007,1.8227
130.5006,0.3228
130.6012,0.8332
130.7005,0.5353
130.7994,1.5837
130.9001,3.5171
131.0008,3.4814
131.101,3.0822
131.2,1.8778
131.3003,1.7013
131.4,1.8083
131.4997,2.607
131.5997,0.9699
131.6995,-0.3356
131.7994,-1.6173
131.8999,-1.6325
131.9995,0.5047
132.0995,1.5551
132.2001,1.6658
132.2994,1.6751
132.4005,1.65
132.5003,1.6634
132.6001,1.654
132.6997,1.6683
132.7995,1.6552
132.8996,1.6645
132.9994,1.6744
133.0994,1.667
133.2005,1.6738
133.3008,1.6812
133.3997,1.6687
133.5008,1.6801
133.6001,1.678
133.6995,1.6987
133.7997,1.7079
133.8998,1.7349
133.9995,1.7201
134.1001,1.7358
134.1997,1.7174
134.3,1.7099
134.3993,1.6747
134.4997,1.6992
134.6,1.6844
134.7,1.6776
134.7995,1.6743
134.8999,0.8409
135.0014,1.0224
135.0997,0.5639
135.1997,0.9755
135.3007,1.8773
135.3995,2.4513
135.4996,3.4592
135.5998,2.384
135.7013,2.7463
135.8009,3.278
135.9009,1.4837
136.0005,1.5248
136.1001,0.5452
136.1994,2.0872
136.3,4.5991
136.3998,10.0273
136.4993,7.7618
136.6002,5.1663
136.7004,5.9562
136.801,5.1378
136.9008,6.0307
136.9998,7.9178
137.0997,6.4805
137.2013,10.2571
137.3007,6.7736
137.4007,8.5085
137.4995,7.5114
137.5994,9.3601
137.7009,9.0879
137.8006,9.1219
137.8996,8.4738
137.9996,10.1121
138.1003,14.4649
138.2001,12.2875
138.3014,12.8283
138.3995,13.2131
138.4996,8.2321
138.6006,3.6798
138.7006,3.9251
138.8002,4.5246
138.9006,4.3081
138.9995,4.8814
139.0998,11.4523
139.2005,9.8821
139.3007,10.329
139.3994,9.1561
139.5004,9.6178
139.5994,10.9005
139.7,8.6823
139.8004,10.4838
139.9009,12.4509
140.0007,10.9576
140.1,9.1401
140.1993,9.6083
140.2999,9.2785
140.3993,8.2886
140.4999,4.627
140.5997,3.8323
140.6995,3.94
140.801,3.9012
140.8998,2.8761
141.0003,3.6229
141.1008,12.9602
141.2002,6.8115
141.2994,5.0977
141.3999,4.5333
141.5006,4.0732
141.6,1.9099
141.7,1.6075
141.8012,0.8617
141.9004,3.4346
141.9993,6.9298
142.0998,9.606
142.2,5.7551
142.2995,3.8938
142.3995,4.263
142.5007,3.0079
142.5996,4.0971
142.701,3.2913
142.8004,2.2963
142.8997,0.5322
143.0006,6.1984
143.0999,5.6727
143.2003,3.8145
143.2997,2.9417
143.3994,2.6788
143.4998,1.6193
143.5998,1.2398
143.6994,1.4504
143.7995,2.6363
143.8994,4.673
143.9995,3.945
144.0994,3.801
144.1997,4.0968
144.3001,4.903
144.4002,6.5487
144.5001,10.4167
144.601,11.6798
144.6998,8.1539
144.7999,5.647
144.9013,0.7457
145.0013,2.3624
145.1008,2.7609
145.2007,5.9026
145.3005,7.4393
145.4008,14.5173
145.4995,5.9648
145.5996,8.5826
145.6997,6.0942
145.8007,2.834
145.9009,4.3907
145.9993,5.3762
146.0999,5.9158
146.2003,4.1031
146.2995,2.3517
146.4006,0.7406
146.4995,0.4809
146.6003,2.4223
146.7005,3.442
146.7999,5.8775
146.9007,5.416
146.9993,4.4235
147.0999,3.0223
147.2001,-0.4676
147.3009,-1.549
147.4005,-1.0099
147.5003,-0.5248
147.6012,-1.3664
147.701,3.0837
147.7993,5.8813
147.9005,1.8308
147.9999,1.1331
148.0998,-1.6746
148.2005,-1.6889
148.3015,-1.7231
148.4005,-1.6915
148.5002,-1.0643
148.5995,3.5595
148.6996,0.5673
148.7996,1.9105
148.901,1.5507
149.0003,-1.2421
149.1006,-1.4417
149.2008,-1.6312
149.2997,-1.3586
149.3997,-1.4026
149.4994,4.3594
149.6011,1.5244
149.7001,0.3216
149.8008,0.0074
149.9001,-1.6972
149.9995,-1.2562
150.1,-1.6974
150.1998,-0.5155
150.3006,1.0393
150.3997,-0.3393
150.5007,-0.8806
150.6003,2.705
150.6993,4.0551
150.8004,3.5297
150.8999,8.1202
150.9995,6.378
151.0996,2.7589
151.1994,3.385
151.3002,8.6141
151.4003,12.3388
151.4995,9.6457
151.6006,5.7796
151.7002,6.4876
151.8005,8.1558
151.9,11.4599
152.0011,6.5289
152.1004,7.5169
152.2,8.4122
152.2999,7.833
152.3995,9.888
152.4995,7.9591
152.6003,8.6021
152.6997,8.3644
152.8011,8.498
152.8997,8.5848
153.0005,8.7954
153.1003,11.0979
153.1995,9.5399
153.2993,10.0909
153.4,10.9327
153.4996,9.7541
153.6002,10.1041
153.7002,9.503
153.7999,7.2638
153.8997,8.5668
154.0012,10.3863
154.0996,11.0761
154.1997,9.4801
154.2994,11.9796
154.4009,11.9513
154.5011,9.185
154.6003,9.1694
154.7002,8.6767
154.8002,8.151
154.9,10.042
155.0004,10.022
155.101,10.0068
155.2008,8.2861
155.2995,8.41
155.3994,9.0822
155.5006,8.2377
155.5993,9.4215
155.6993,11.4628
155.8013,12.6695
155.9007,9.0658
155.9999,6.3177
156.0999,6.2818
156.1998,4.9822
156.3,4.9267
156.4013,4.5556
156.4994,2.2249
156.5997,1.656
156.701,1.8082
156.8007,1.5295
156.9006,1.3971
157.0007,1.6389
157.0993,1.8595
157.2008,2.5153
157.2997,4.0834
157.4005,3.9236
157.5009,3.9191
157.5997,3.7843
157.6998,3.8724
157.8008,3.7548
157.9008,3.9219
158.0002,3.9466
158.1007,3.7932
158.2002,3.6377
158.3004,3.7362
158.3997,3.8057
158.4996,3.7762
158.5996,3.9718
158.7002,4.9366
158.7995,4.762
158.9013,4.9552
158.9997,6.0608
159.0995,4.9577
159.2008,5.2802
159.3,4.7616
159.3998,6.3182
159.5008,5.6691
159.6003,5.3564
159.7006,5.0571
159.7997,5.6367
159.9003,8.9421
160.0003,4.9535
160.1008,6.4858
160.2009,4.8755
160.2996,5.0564
160.3996,3.4025
160.4997,2.57
160.601,4.8151
160.6996,4.7333
160.7996,3.9554
160.9009,3.801
160.9998,4.1458
161.1009,4.5476
161.2007,4.1527
161.2993,4.3087
161.4005,5.3539
161.4998,4.6927
161.6004,3.9568
161.6999,4.1078
161.8003,4.0569
161.8996,3.819
162.0002,3.4798
162.1002,3.0554
162.2012,2.5148
162.3007,2.3299
162.3994,2.8068
162.501,3.2659
162.6009,3.2706
162.6994,3.1639
162.7996,3.1741
162.9007,3.1395
163.0007,3.2375
163.0995,3.0874
163.1995,3.134
163.2997,3.1177
163.4007,3.0889
163.5004,3.0903
163.6006,2.9477
163.6995,3.0138
163.7998,3.0187
163.9012,3.0352
163.9996,3.0342
164.0995,3.0813
164.1996,3.1098
164.2999,3.1756
164.4005,3.3598
164.4996,3.2313
164.6001,3.2279
164.7006,3.1969
164.7999,3.1781
164.9006,3.2269
164.9995,3.2343
165.1001,3.3772
165.2012,3.0723
165.3005,3.3246
165.3996,3.385
165.5005,3.6387
165.5998,3.2715
165.6998,3.9943
165.8012,2.6261
165.8996,3.4775
165.9998,2.7288
166.1,1.7096
166.1999,0.9323
166.3003,1.3539
166.4007,1.7369
166.4996,1.3412
166.6004,1.3592
166.7006,-0.2806
166.7996,0.7605
166.8998,0.3291
166.9997,-0.4768
167.1,-0.1491
167.1998,-0.1398
167.3007,-0.2121
167.3999,-0.2647
167.5005,-0.2561
167.6004,-0.1757
167.6995,0.2768
167.8012,0.2364
167.9007,0.1258
168.0002,-0.1664
168.0999,0.2899
168.2006,0.4927
168.2995,-1.3145
168.4006,-1.5143
168.5008,-1.6909
168.6006,-1.7095
168.6994,-1.7189
168.8003,-1.7086
168.9002,-1.7177
168.9994,-1.7449
169.0993,-1.7245
169.1996,-1.3025
169.2998,-1.7371
169.4004,-0.3024
169.5007,1.5633
169.6005,-0.3799
169.7011,-1.7231
169.8001,-1.8021
169.8994,-1.9555
169.9996,-0.1601
170.0998,-1.6649
170.2006,0.5687
170.3002,2.5623
170.3996,0.3454
170.4999,-0.3148
170.6,0.0281
170.6995,3.4537
170.8005,5.2897
170.8999,5.5465
171.0012,5.6391
171.1004,1.3461
171.2005,-1.8129
171.3007,-1.7508
171.3999,-1.7147
171.5009,-1.6802
171.6008,-1.5897
171.6996,-1.1152
171.7993,4.3091
171.8995,0.102
172.0011,-0.9515
172.0999,-1.7509
172.1994,-1.4917
172.2998,-0.5275
172.4011,1.1198
172.5006,-1.3069
172.6,0.2752
172.7003,-0.7856
172.8008,1.0806
172.9005,-1.8676
173.0004,-1.7163
173.1005,-1.7447
173.1995,-1.8329
173.301,-1.7307
173.4004,-1.6522
173.5009,-1.7128
173.6005,-1.7066
173.7007,-1.7265
173.7993,-1.7113
173.8996,-1.7282
173.9998,-1.7099
174.1002,-1.717
174.2008,-1.7233
174.3003,-1.7208
174.4007,-1.7222
174.5012,-1.7163
174.6004,-1.7254
174.7007,-1.7278
174.7996,-1.7201
174.8993,-1.7272
175.0003,-1.721
175.0998,-1.7218
175.2003,-1.7239
175.3001,-1.7288
175.3996,-1.7351
175.4996,-1.7276
175.5994,-1.7297
175.6994,-1.7324
175.8004,-1.7284
175.9005,-1.7251
176.0011,-1.7078
176.1005,-1.7
176.2007,-1.7034
176.2993,-1.7014
176.3995,-1.7005
176.5002,-1.6979
176.5997,-1.6831
176.701,-1.6869
176.8001,-1.7062
176.8994,-1.7013
176.9995,-1.6975
177.1,-1.7019
177.1999,-1.6997
177.3011,-1.6992
177.4008,-1.6897
177.4995,-1.6888
177.5999,-1.6892
177.7006,-1.6834
177.8012,-1.6941
177.8998,-1.6899
177.9996,-1.7121
178.0999,-1.6929
178.2004,-1.7049
178.3008,-1.7064
178.4005,-1.7117
178.4994,-1.7057
178.6002,-1.7106
178.7007,-1.7067
178.7999,-1.7133
178.9007,-1.7053
178.9993,-1.7137
179.0995,-1.7167
179.1999,-1.7162
179.2993,-1.7114
179.3996,-1.7034
179.4999,-1.7127
179.5997,-1.709
179.6994,-1.7166
179.7996,-1.7118
179.9,-1.6995
180.0001,-1.6821
180.1003,-1.6779
180.1999,-1.7009
180.3009,-1.7013
180.4001,-1.7022
180.4996,-1.7064
180.6007,-1.7067
180.6995,-1.7091
180.7997,-1.7105
180.9007,-1.7116
181.0004,-1.7186
181.0996,-1.7121
181.2004,-1.7184
181.2994,-1.7192
181.3997,-1.7199
181.4999,-1.7197
181.6007,-1.7248
181.6998,-1.7327
181.8,-1.7235
181.8996,-1.7346
181.9998,-1.7423
182.1,-1.7363
182.2005,-1.7307
182.3011,-1.7272
182.3995,-1.7268
182.4997,-1.732
182.6,-1.7305
182.7004,-1.7313
182.8002,-1.7274
182.8995,-1.7281
183.0013,-1.7338
183.0994,-1.7329
183.201,-1.7347
183.2996,-1.7283
183.3995,-1.7285
183.4999,-1.7249
183.6004,-1.7246
183.6996,-1.7221
183.7997,-1.7176
183.9012,-1.7203
183.9996,-1.7129
184.1003,-1.7166
184.2011,-1.7082
184.2993,-1.6927
184.401,-1.692
184.5,-1.6979
184.6007,-1.6979
184.6998,-1.6846
184.8003,-1.6777
184.9004,-1.679
185.0007,-1.6691
185.0996,-1.6685
185.2006,-1.6607
185.2998,-1.6451
185.4004,-1.6602
185.4995,-1.6653
185.5993,-1.6593
185.7,-1.6452
185.8011,-1.6478
185.8998,-1.6686
185.9997,-1.675
186.0994,-1.6781
186.2,-1.6717
186.2997,-1.6733
186.3994,-1.6721
186.5005,-1.6784
186.6009,-1.68
186.7006,-1.6815
186.8,-1.6818
186.9001,-1.6855
186.9997,-1.6853
187.0993,-1.6754
187.1999,-1.6839
187.3003,-1.6768
187.4012,-1.6753
187.501,-1.6785
187.6003,-1.6759
187.7004,-1.6759
187.8005,-1.6846
187.9005,-1.6851
188.0004,-1.6836
188.0993,-1.6906
188.2005,-1.6826
188.3002,-1.6881
188.3999,-1.6813
188.4993,-1.6784
188.5994,-1.6716
188.6996,-1.669
188.8007,-1.6796
188.9005,-1.674
189.0004,-1.6759
189.1003,-1.6748
189.2004,-1.6782
189.2998,-1.6831
189.3998,-1.6869
189.4997,-1.6677
189.5996,-1.6679
189.6994,-1.6813
189.7995,-1.6808
189.8994,-1.6875
189.9998,-1.6854
190.0993,-1.6804
190.2012,-1.679
190.2994,-1.6754
190.3997,-1.6775
190.5001,-1.6758
190.6005,-1.6821
190.7004,-1.6825
190.8005,-1.6755
190.9013,-1.6778
190.9996,-1.6751
191.0997,-1.6763
191.2,-1.6775
191.2999,-1.6795
191.3994,-1.68
191.5009,-1.6754
191.6,-1.6783
191.7006,-1.6731
191.801,-1.6635
191.9004,-1.671
191.9998,-1.6768
192.1009,-1.6739
192.2012,-1.6697
192.3009,-1.6669
192.3996,-1.6719
192.4995,-1.67
192.6007,-1.6737
192.6998,-1.6696
192.7993,-1.6685
192.8998,-1.6735
193.0001,-1.6696
193.1007,-1.6704
193.1995,-1.6641
193.2997,-1.6549
193.4008,-1.6633
193.5002,-1.6606
193.601,-1.6662
193.6999,-1.6623
193.8004,-1.6695
193.8994,-1.6605
193.9994,-1.6552
194.0994,-1.6575
194.2009,-1.6631
194.3007,-1.6598
194.3995,-1.6604
194.5008,-1.661
194.6012,-1.6599
194.6997,-1.6568
194.8003,-1.6579
194.9012,-1.6607
195.0006,-1.6651
195.0994,-1.6646
195.1993,-1.6676
195.3006,-1.6734
195.4012,-1.6616
195.5007,-1.6745
195.5994,-1.6815
195.6997,-1.6798
195.8001,-1.6748
195.9005,-1.6821
196.0004,-1.6754
196.1009,-1.6756
196.1997,-1.6701
196.3012,-1.6644
196.3995,-1.6634
196.5013,-1.6711
196.5996,-1.6719
196.7004,-1.6696
196.8012,-1.6672
196.901,-1.6715
196.9996,-1.67
197.1008,-1.6708
197.2011,-1.6721
197.2993,-1.6731
197.3997,-1.6725
197.5004,-1.6648
197.6005,-1.6745
197.6994,-1.664
197.7993,-1.6657
197.9012,-1.6691
197.9994,-1.6745
198.0998,-1.672
198.1994,-1.6801
198.2995,-1.6685
198.4003,-1.6639
198.5012,-1.6701
198.5994,-1.664
198.7007,-1.6647
198.7998,-1.6656
198.9014,-1.6685
199.0001,-1.6621
199.1007,-1.6603
199.2003,-1.6701
199.2996,-1.6657
199.3994,-1.6644
199.4993,-1.6645
199.5999,-1.6551
199.7005,-1.6592
199.7997,-1.6621
199.901,-1.6595
200.0004,-1.6663
200.1002,-1.6659
200.2013,-1.6752
200.3009,-1.6688
200.3994,-1.6625
200.5008,-1.6576
200.5999,-1.6623
200.7008,-1.6658
200.8007,-1.679
200.8993,-1.6801
201.0013,-1.6749
201.0997,-1.6661
201.1995,-1.6639
201.3002,-1.6689
201.3994,-1.662
201.5005,-1.6709
201.5999,-1.6759
201.6993,-1.6814
201.7996,-1.6716
201.9011,-1.6754
201.9997,-1.6755
202.0993,-1.6732
202.1994,-1.6763
202.2993,-1.6741
202.3999,-1.6763
202.5003,-1.6788
202.5999,-1.6728
